{
  "routes": [
    {
      "method": "GET",
      "path": "/comments",
      "handler": "comment.find",
      "config": {
        "policies": []
      }
    },
    {
      "method": "GET",
      "path": "/comments/count",
      "handler": "comment.count",
      "config": {
        "policies": []
      }
    },
    {
      "method": "GET",
      "path": "/comments/:id",
      "handler": "comment.findOne",
      "config": {
        "policies": []
      }
    },
    {
      "method": "POST",
      "path": "/comments",
      "handler": "comment.create",
      "config": {
        "policies": []
      }
    },
    {
      "method": "PUT",
      "path": "/comments/:id",
      "handler": "comment.update",
      "config": {
        "policies": []
      }
    },
    {
      "method": "DELETE",
      "path": "/comments/:id",
      "handler": "comment.delete",
      "config": {
        "policies": []
      }
    }
  ]
}
