{
  "kind": "collectionType",
  "collectionName": "recipes",
  "info": {
    "name": "Recipe",
    "description": ""
  },
  "options": {
    "increments": true,
    "timestamps": true,
    "draftAndPublish": true
  },
  "pluginOptions": {},
  "attributes": {
    "title": {
      "type": "string"
    },
    "instructions": {
      "type": "richtext"
    },
    "lastEdited": {
      "type": "datetime"
    },
    "comments": {
      "via": "recipe",
      "collection": "comment"
    },
    "ratings": {
      "via": "recipe",
      "collection": "rating"
    },
    "author": {
      "via": "recipes",
      "plugin": "users-permissions",
      "model": "user"
    },
    "recipeIngredients": {
      "collection": "recipe-ingredient"
    }
  }
}
