{
  "routes": [
    {
      "method": "GET",
      "path": "/ingredients",
      "handler": "ingredient.find",
      "config": {
        "policies": []
      }
    },
    {
      "method": "GET",
      "path": "/ingredients/count",
      "handler": "ingredient.count",
      "config": {
        "policies": []
      }
    },
    {
      "method": "GET",
      "path": "/ingredients/:id",
      "handler": "ingredient.findOne",
      "config": {
        "policies": []
      }
    },
    {
      "method": "POST",
      "path": "/ingredients",
      "handler": "ingredient.create",
      "config": {
        "policies": []
      }
    },
    {
      "method": "PUT",
      "path": "/ingredients/:id",
      "handler": "ingredient.update",
      "config": {
        "policies": []
      }
    },
    {
      "method": "DELETE",
      "path": "/ingredients/:id",
      "handler": "ingredient.delete",
      "config": {
        "policies": []
      }
    }
  ]
}
