{
  "kind": "collectionType",
  "collectionName": "comments",
  "info": {
    "name": "Comment",
    "description": ""
  },
  "options": {
    "increments": true,
    "timestamps": true,
    "draftAndPublish": true
  },
  "pluginOptions": {},
  "attributes": {
    "content": {
      "type": "text"
    },
    "created": {
      "type": "datetime"
    },
    "recipe": {
      "via": "comments",
      "model": "recipe"
    },
    "foodie": {
      "via": "comments",
      "plugin": "users-permissions",
      "model": "user"
    }
  }
}
